pageid,rqsts_per_page
39146508,156
39271293,110
39468907,233
39135902,29
39104825,157
39330450,99
39561428,57
39473008,18
39569786,147
39582652,226
39260120,58
39428114,155
39480897,89
39155965,139
39160206,3
39197168,33
39521579,39
39182450,73
39278353,108
39287704,120
39580670,50
39505139,58
39320140,95
39458683,88
39453194,76
39435008,86
39416455,121
39238550,12
39567102,48
39191556,386
39417984,7
39355795,82
39409809,118
39203882,23
39336084,105
39615286,86
39277486,64
39574465,82
39496000,2
39184955,51
39436271,30
39438009,39
39151880,52
39378851,176
39463296,74
39152935,77
39262744,13
39597993,66
39131727,71
39411523,93
39165210,204
39296227,19
39562940,110
39472105,146
39403401,104
39233666,155
39486924,167
39227903,150
39305380,157
39331247,115
39134742,29
39562463,111
39214954,46
39530374,114
39325197,108
39442282,40
39350393,68
39243966,23
39366182,81
39327212,60
39221281,400
39528533,88
39199911,10
39153151,174
39209140,115
39550432,67
39273007,159
39597976,74
39197605,15
39501213,88
39299753,105
39437500,44
39111426,107
39193185,241
39384459,86
39208674,38
39451307,38
39568815,231
39341132,51
39178884,70
39631797,330
39497553,182
39139400,107
39221483,173
39306840,83
39295290,31
39387130,165
39197020,232
39265596,80
39273107,12
39276241,117
39278051,26
39589401,153
39350129,52
39238727,68
39472896,131
39628189,125
39219792,52
39363889,23
39486847,45
39365027,34
39549068,63
39460735,40
39134498,183
39403339,50
39157441,91
39116963,135
39534873,68
39156953,98
39269948,61
39323697,89
39226482,2
39423917,132
39158338,65
39376341,189
39170451,60
39178688,94
39151056,13
39506074,19
39520441,57
39334255,120
39555215,98
39177931,179
39314962,129
39478944,42
39122530,66
39109690,84
39208969,3
39501412,120
39478490,3
39479222,3
39517171,93
39247823,47
39512140,140
39492603,135
39275533,91
39239807,107
39399128,33
39362627,32
39452550,55
39400284,199
39251931,15
39447774,59
39264879,69
39382926,48
39243903,66
39495925,80
39403448,61
39101341,283
39436693,98
39175465,153
39568069,37
39120365,64
39613414,138
39520613,87
39398825,62
39529485,177
39563437,45
39445482,24
39502769,102
39421478,68
39107252,60
39439968,85
39511725,443
39428899,117
39446662,15
39204554,67
39257463,95
39381644,25
39538024,21
39280573,170
39470595,102
39155412,162
39500912,40
39485100,98
39269075,75
39506785,228
39579400,61
39494793,71
39556354,223
39131132,12
39268325,55
39112257,46
39477089,59
39643127,75
39276099,217
39151480,108
39519108,17
39191188,239
39281061,162
39492674,79
39561179,77
39310021,95
39515635,63
39431006,38
39283758,30
39372651,79
39287444,146
39118297,47
39615459,110
39153348,507
39109834,188
39381353,540
39254083,34
39234944,25
39488077,12
39467953,50
39363869,88
39342077,151
39252805,38
39226583,190
39277675,159
39296947,64
39443731,123
39528392,122
39371590,33
39210971,39
39282324,217
39443757,34
39371338,66
39565522,82
39479380,109
39513894,111
39134542,31
39251081,220
39251233,20
39383501,219
39110812,215
39447999,70
39550163,99
39614384,72
39575853,71
39377854,17
39379229,20
39556552,49
39452013,54
39272713,63
39466797,71
39405317,140
39407807,106
39168699,300
39432399,145
39445396,111
39102652,263
39522171,226
39472902,77
39102054,201
39140130,155
39412948,111
39563765,50
39136707,122
39248600,227
39515297,108
39319899,290
39575631,201
39363268,147
39329879,7
39237694,92
39612823,79
39362880,58
39236493,14
39534400,205
39453085,158
39402036,98
39578322,566
39568197,136
39597656,31
39455939,268
39441091,10
39273795,159
39208647,25
39355995,82
39131844,26
39468757,78
39588393,83
39378492,68
39389879,43
39213313,45
39545754,60
39563054,120
39231678,105
39284208,33
39178542,79
39149986,63
39576177,212
39407463,79
39112857,34
39142599,42
39135231,41
39252871,36
39226965,70
39578635,98
39579835,112
39597515,200
39215202,244
39519046,180
39226355,124
39134883,154
39431876,25
39466527,93
39423212,117
39589380,14
39581578,95
39381218,93
39290656,149
39599445,50
39175257,42
39198650,72
39615487,196
39098937,12
39151809,121
39101451,78
39319417,150
39255548,42
39230472,16
39178543,103
39137041,29
39268019,185
39496043,75
39532699,57
39585296,48
39495995,48
39335923,166
39403417,81
39233583,123
39191098,35
39524673,35
39202728,41
39108321,49
39504239,134
39183859,28
39310220,216
39151168,64
39184650,132
39345415,113
39284855,42
39408973,52
39412225,25
39220619,128
39493077,91
39620500,31
39398115,136
39318955,134
39114608,240
39361258,158
39098561,87
39130018,100
39295551,54
39112624,186
39532368,66
39548383,122
39113933,95
39389252,62
39348217,37
39216644,39
39595588,251
39391611,171
39422013,137
39220505,11
39449479,66
39157363,112
39190509,125
39530380,131
39506724,111
39319198,219
39272588,84
39482696,162
39350062,83
39557390,108
39536169,324
39529910,434
39217558,131
39428474,41
39596220,84
39345035,108
39501286,114
39262806,51
39423334,33
39157790,57
39513830,66
39488131,98
39435799,66
39129246,300
39170181,303
39248049,30
39228738,37
39411669,14
39226443,173
39218390,50
39402008,168
39187206,110
39205071,6
39410005,88
39413109,11
39444083,95
39228958,39
39499060,65
39230983,34
39277359,6
39200079,45
39504778,50
39455027,80
39525720,56
39587169,162
39342782,107
39336513,131
39189493,39
39480160,71
39424672,64
39269560,14
39146193,142
39474775,28
39133132,39
39249967,31
39186084,248
39286077,71
39202939,231
39332888,77
39555230,22
39512276,49
39314633,97
39188733,82
39128584,121
39532272,49
39231781,93
39383764,106
39230454,120
39428730,138
39555524,105
39396115,275
39300459,63
39179481,18
39337932,43
39115017,115
39297794,168
39493899,54
39542651,53
39538903,67
39435281,138
39326702,30
39326654,28
39573162,169
39531184,76
39180331,152
39293573,115
39139650,92
39228789,92
39157091,65
39208937,147
39582157,98
39508855,58
39194703,118
39389334,71
39102111,20
39536368,164
39097816,17
39542323,3
39159991,67
39372297,240
39511091,61
39363355,32
39347039,109
39142021,40
39145625,63
39216660,100
39123800,124
39477256,82
39538033,54
39469603,61
39417459,34
39525353,88
39498622,41
39302730,120
39606009,160
39568293,67
39391965,73
39583130,28
39235139,43
39200197,5
39372596,152
39211712,33
39213504,190
39511977,57
39147543,72
39152369,252
39269019,130
39504199,2
39530657,3
39519415,18
39228227,86
39449145,139
39205219,33
39353346,92
39620034,118
39138145,112
39281579,161
39459462,200
39318516,146
39433854,110
39204833,57
39299376,58
39360742,182
39136176,96
39323170,222
39189710,37
39188564,48
39146304,231
39215537,106
39349856,21
39258156,237
39444712,91
39281965,143
39527455,48
39164009,55
39232582,16
39180034,78
39196356,19
39418429,45
39533327,116
39303468,15
39304825,132
39517028,148
39506741,65
39135037,144
39585351,157
39237584,120
39387780,316
39135397,115
39155565,12
39193765,158
39146754,41
39465182,14
39307940,82
39259625,137
39187756,144
39295906,27
39186678,75
39224022,46
39168639,55
39142884,93
39520753,68
39589431,82
39511351,2
39129089,92
39368637,161
39104966,189
39430055,137
39532640,140
39349928,114
39644405,322
39379438,62
39374935,27
39268978,219
39119874,171
39548586,118
39427661,88
39423308,123
39277716,108
39414958,39
39510746,71
39343286,235
39313963,115
39237625,92
39404205,74
39280740,188
39241097,74
39410558,13
39313663,99
39508125,116
39172473,41
39168005,153
39185249,26
39132405,138
39507405,194
39501896,210
39174816,78
39576379,152
39229767,162
39247925,41
39181012,21
39181866,84
39152267,184
39163960,153
39320954,46
39433139,297
39298612,68
39208755,9
39377933,115
39404065,37
39537243,56
39390589,79
39495365,104
39150259,66
39501342,216
39148750,16
39544994,71
39543261,61
39470025,85
39390336,168
39344593,157
39223750,100
39257201,80
39245916,130
39387946,366
39108534,274
39191413,164
39570604,23
39229908,79
39284774,39
39136514,66
39300488,95
39268385,98
39301537,175
39480427,12
39381466,199
39217945,122
39286379,57
39545482,74
39249976,31
39587763,53
39212002,72
39352150,27
39542131,157
39483648,22
39533089,80
39437388,80
39418470,45
39332234,95
39158120,111
39148574,172
39353459,198
39113414,40
39449357,52
39310961,64
39317979,86
39165376,202
39260153,125
39306746,67
39168652,61
39429660,107
39413478,144
39124475,117
39187446,38
39389340,25
39233274,154
39304043,70
39258637,68
39213217,141
39307852,79
39355769,95
39627681,111
39308918,39
39126855,37
39218577,93
39483570,113
39358787,14
39273303,46
39246740,78
39436759,113
39100363,54
39292333,160
39553423,43
39111596,146
39196637,17
39488426,83
39533711,40
39218395,11
39528386,6
39555233,162
39576936,65
39509024,39
39211714,82
39365598,97
39147797,118
39247849,86
39614026,8
39192179,40
39597613,34
39364264,106
39304879,119
39257064,107
39168548,65
39386348,91
39566644,75
39442544,125
39123816,31
39367413,21
39377490,26
39582938,143
39278724,126
39278753,212
39278577,74
39327258,80
39123243,89
39276357,203
39481897,51
39242888,143
39491349,199
39124830,284
39631571,222
39374577,198
39132383,39
39393369,52
39421083,86
39348694,17
39578603,69
39163161,174
39234805,18
39573549,76
39199752,109
39598879,111
39135274,28
39256568,284
39584053,148
39515396,70
39417491,227
39279868,4
39501426,86
39584601,145
39273514,33
39140409,20
39497432,116
39124707,169
39390604,141
39382470,123
39444691,55
39429240,68
39205655,87
39562329,142
39622441,674
39119070,197
39346562,120
39233879,29
39360717,74
39441882,66
39356027,104
39238800,165
39569520,109
39148402,173
39324003,177
39529966,54
39133466,318
39545464,108
39416201,59
39218233,42
39331104,268
39513401,63
39565556,67
39559478,65
39605377,347
39555099,7
39239628,101
39602353,23
39189086,152
39491626,142
39478546,46
39561541,34
39144023,45
39282708,289
39601656,178
39208538,2
39477316,113
39209606,48
39233661,121
39462907,40
39387329,66
39289070,89
39408675,115
39444100,196
39113267,49
39574745,51
39565856,56
39597286,63
39556145,3
39321869,17
39208282,53
39323340,131
39275982,60
39181116,65
39305464,95
39253412,142
39553366,207
39278114,36
39332899,25
39451747,73
39097111,281
39426299,127
39275327,107
39599157,48
39189832,71
39243955,88
39432057,19
39227262,10
39374576,54
39331548,3
39325806,162
39348705,135
39532478,43
39184093,82
39583283,75
39169112,30
39299179,60
39461805,92
39465784,68
39588044,106
39544532,107
39624266,116
39549955,53
39180716,176
39353233,23
39105344,58
39486911,82
39510665,31
39332186,75
39144399,43
39436900,255
39305789,58
39325979,172
39234497,101
39469872,94
39409363,233
39413093,78
39395023,4
39140247,151
39603757,121
39151270,12
39191638,25
39592301,218
39501780,78
39554796,113
39329668,100
39455857,51
39324809,891
39505726,103
39179408,184
39220308,186
39573599,107
39502959,37
39157594,60
39442239,139
39484101,101
39128204,41
39396200,239
39387378,68
39587356,100
39569132,372
39344346,69
39125046,76
39221820,115
39466178,127
39559396,30
39382432,75
39597046,150
39148097,90
39100451,418
39364891,83
39121604,185
39211867,132
39366398,61
39158316,34
39208201,50
39114429,32
39246103,142
39432528,128
39431167,73
39363729,28
39480016,459
39313552,212
39474337,89
39423090,134
39588720,14
39227496,5
39120049,56
39578693,104
39642587,27
39431829,93
39135389,73
39346612,214
39360773,94
39257836,43
39491318,59
39341017,67
39527694,54
39230918,33
39506751,139
39548230,42
39440793,37
39303826,92
39247629,171
39177211,63
39462213,126
39296624,121
39419996,93
39549173,167
39120682,68
39552249,23
39345873,59
39387900,63
39177573,37
39259588,66
39124454,80
39408833,125
39459319,137
39512175,140
39193833,100
39232272,149
39299479,49
39354410,93
39236815,32
39324333,80
39197687,100
39246648,107
39536318,160
39228442,169
39447766,3
39300651,147
39113119,180
39637032,216
39443273,90
39242852,42
39378107,9
39193287,127
39502594,34
39579392,143
39200694,19
39434538,44
39101881,214
39101394,154
39459429,51
39134287,2
39183772,204
39343893,103
39480617,36
39110507,135
39406770,28
39272802,12
39462680,42
39239331,78
39329624,85
39615275,158
39343958,58
39597536,134
39260185,19
39588347,58
39183225,44
39338700,81
39561596,21
39390409,138
39399616,134
39248191,110
39146122,89
39148619,116
39475119,177
39195019,15
39220253,26
39226553,128
39523321,139
39245432,29
39395626,170
39505972,98
39400175,81
39272818,131
39561449,43
39465388,79
39172904,40
39243424,39
39348424,160
39470508,139
39218985,144
39520218,124
39129567,277
39308098,44
39170654,3
39295519,21
39253718,87
39592024,176
39549023,7
39321006,37
39579194,181
39109272,321
39521851,79
39097905,25
39467163,129
39165362,154
39602892,112
39270006,115
39242933,300
39373368,260
39290456,64
39533549,80
